timestamp,x,y,z,vx,vy,vz,ax,ay,az,q[0],q[1],q[2],q[3],xyz[0],xyz[1],xyz[2]
2396000,-0.20855057041797,0.11085761244834,0.30246008950011,-0.01214170734094,0.07033444005445,0.15857599191152,0.00019147033322,-0.00024311866173,0.00082779948390,0.70719845744007,-0.00000960035540,-0.00000928082409,-0.70700516099551,-0.00000064892414,0.00000427424578,0.00000015854958
3396000,-0.22756916883236,0.10004463348488,0.33129874904980,-0.00618990997765,0.00460237561007,-0.05068068508677,0.00866998289132,-0.02208816512014,0.00063633239246,0.70583712446532,0.00020253077869,-0.00050281280227,-0.70837396908626,0.00003508673804,-0.00002714296418,0.00000391781667
4396000,-0.28789630213753,0.12702308267492,0.32761658771976,0.05688136200856,-0.04725101319636,-0.02034581783753,0.03571745497180,-0.01984463238664,0.00416708369506,0.70576720264014,-0.00033004317781,-0.00113509821522,-0.70844285304536,-0.00005698686987,-0.00008796534232,0.00000208336053
5396000,-0.27059499182337,0.13420558326394,0.27599473263471,0.04253895562914,-0.01147822704488,-0.00087372673840,0.01344487596410,0.00002753232624,0.00127549681093,0.70574236744228,-0.00030815163250,-0.00022389691475,-0.70846848823075,-0.00016982347633,0.00004723657053,0.00000142148990
6396000,-0.28753156048155,0.10635467358558,0.28992784758828,0.02316995341238,-0.01991298549044,0.01684198504766,0.00801243585392,-0.00408517889262,0.00726196105197,0.70571950783742,-0.00008008795427,-0.00022766971180,-0.70849129299892,-0.00012710045215,0.00003987011110,0.00000118501467
7396000,-0.30446812913973,0.07850376390722,0.30386096254184,0.00380095119562,-0.02834774393601,0.03455769683372,0.00257999574374,-0.00819789011148,0.01324842529301,0.70569664823256,0.00014797572396,-0.00023144250885,-0.70851409776709,-0.00008437742798,0.00003250365167,0.00000094853944
8396000,-0.32325151845387,0.06242550208723,0.20348129528800,-0.01482499821840,-0.02357124293116,0.08504549167290,-0.00724902389599,-0.00554223063005,0.02126026889948,0.70564792438650,0.00039231043596,0.00014879282283,-0.70856256548709,-0.00005121698776,0.00008747132691,0.00000075282941
9396000,-0.31099361720503,0.03386132212349,0.22302316096015,-0.02270763907973,-0.02165315952131,0.06978421044165,-0.00927147654360,-0.00729533551161,0.01516397122486,0.70561131358365,0.00059775817735,0.00012257090773,-0.70859885131304,0.00000988736916,0.00013435260094,0.00000055301627
10396000,-0.29873571595619,0.00529714215975,0.24256502663231,-0.03059027994106,-0.01973507611146,0.05452292921040,-0.01129392919122,-0.00904844039317,0.00906767355024,0.70557470278080,0.00080320591875,0.00009634899263,-0.70863513713899,0.00007099172608,0.00018123387496,0.00000035320313
11396000,-0.28089890846893,0.05952044906064,0.29155439409941,0.00177979357743,-0.01132892994930,0.03437337761251,0.00049262382573,-0.00611498276019,0.00626389283046,0.70559441149900,0.00017495710075,-0.00032288005016,-0.70861547653094,0.00003920689371,0.00000784784587,0.00000042783945
12396000,-0.26306210098167,0.11374375596154,0.34054376156651,0.03414986709592,-0.00292278378713,0.01422382601462,0.01227917684268,-0.00318152512722,0.00346011211069,0.70561412021721,-0.00045329171724,-0.00074210909296,-0.70859581592288,0.00000742206135,-0.00016553818323,0.00000050247578
13396000,-0.24249819841672,0.13416800803415,0.39818578248997,0.02939430766695,0.00978375410014,0.00455111265826,0.00635715417513,0.00344993357148,0.00251496752165,0.70559009221748,-0.00045941356401,-0.00014899024872,-0.70862006189425,-0.00009051235439,-0.00008198816682,0.00000043168790
14396000,-0.24557537186618,0.10531598381148,0.47065286063058,0.01015427709370,0.00169119410279,-0.00877868015785,0.00246822804177,0.00012037009498,0.00079063727276,0.70558469658881,-0.00012067967836,-0.00014819338193,-0.70862556638722,-0.00003147306666,-0.00005583383114,0.00000045122910
15396000,-0.25294253374617,0.13094690471947,0.50489416211510,0.00751195178591,-0.00238852925393,-0.01422341730164,-0.08194333579762,-0.01120603473216,-0.03761177617499,0.70557229912703,0.00011209649469,-0.00006155818462,-0.70863828233277,-0.00047926155150,0.00748151136707,-0.00016065606854
16396000,-0.23985847076423,0.04141132570042,0.84294803875941,-0.07744264431298,-0.00096859826430,-0.75242913812089,0.11641513211402,-0.02656650669161,-0.82277801584157,0.70736048096898,-0.00262210063322,-0.00446273752021,-0.70683400594712,0.02084404493416,-0.02316166909119,-0.00107472446393
17396000,-0.26784973324605,0.00821192037268,1.82984113664859,0.04894893240139,-0.01249607735156,-1.14042190602729,0.05756643860189,0.03814308954031,-0.20170108826700,0.70714941594146,-0.00344189521480,-0.00098169651416,-0.70705510861105,-0.00436957886396,0.02893592622399,-0.00102050809609
18396000,-0.23944025401413,0.10431551322702,3.00818595195582,0.03521419944126,0.00262108091720,-1.29833621225393,-0.07980525712061,-0.04895840506249,-0.13490189283318,0.72409757524155,0.00463567068737,0.00112750710331,-0.68968109416180,-0.01222845027084,0.00424021693513,-0.00067751391199
19396000,-0.27317609620172,0.10973065563331,4.40395481441474,-0.03025988597182,-0.02884067650185,-1.39582140171689,-0.04101323599796,0.04444730017160,-0.05917287389073,0.72401004067996,-0.00009056336688,0.00304057286447,-0.68978277218690,-0.02893956407377,-0.00720319218906,0.00086126896943
20396000,-0.33479131380076,0.04235437674640,5.83389940974190,-0.01811448443301,0.03297238858053,-1.44464748278554,0.05100517951471,0.10076562672559,-0.03851952587807,0.72391890398399,-0.00594306646337,0.00204210179408,-0.68985642724228,0.03184881934334,-0.00649108931829,0.00142466080267
21396000,-0.27879650326621,0.07614508303561,7.23238627065378,-0.01531802624257,0.01073100890040,-1.30866205348137,-0.01302552164388,0.02302573044303,0.22843576862442,0.72392294840437,-0.00051804282600,0.00143644612959,-0.68985754307695,0.00913653841194,-0.00625882357263,0.00165357114269
22396000,-0.22280169273165,0.10993578932481,8.63087313156567,-0.01252156805214,-0.01151037077974,-1.17267662417720,-0.07705622280246,-0.05471416583952,0.49539106312690,0.72392699282474,0.00490698081137,0.00083079046510,-0.68985865891163,-0.01357574251946,-0.00602655782696,0.00188248148270
23396000,-0.23401499908808,0.09819344845541,9.61873086465134,-0.04871085583252,-0.02903214203051,-0.69836654280503,-0.00034797642824,-0.00290399486725,0.94699288514053,0.72429048152618,0.00053245602194,-0.00007801993080,-0.68949580321705,0.02076796142807,-0.02621615625121,0.00204953302489
24396000,-0.51143916315748,0.32240491717794,9.71411936533085,0.11438990517327,-0.21825079402076,-0.37357432773926,0.04867776621828,-0.03242601314794,0.43490625193579,0.86137216650206,-0.00328353925858,-0.00235035031067,-0.31738582856368,-0.00357770287789,-0.00581206745525,0.36093424327420
25396000,-0.78886332722688,0.54661638590046,9.80950786601037,0.27749066617907,-0.40746944601100,-0.04878211267349,0.09770350886480,-0.06194803142864,-0.07718038126895,0.99845385147793,-0.00709953453911,-0.00462268069054,0.05472414608970,-0.02792336718386,0.01459202134071,0.71981895352351
26396000,-1.23973391513509,0.87170464811840,9.80610307912958,0.36178361374391,-0.38800009604973,-0.06517019109536,0.03041726108247,0.05228721165911,-0.09194128491440,0.91070267412307,-0.00320376628674,0.00209435940856,0.41304498431583,0.01764428138183,-0.00197782327452,0.78510878113478
27396000,-1.61844111558356,1.29599239093069,9.83097907943536,0.32078049594554,-0.34693132842283,-0.05255348037188,-0.14592659122043,-0.00065687989852,0.00113693705471,0.90044774212325,0.00395668584814,-0.00340207201932,0.43492966047248,-0.03968853226001,0.02800249225174,-0.32974820004529
28396000,-1.90654398728167,1.61222408568481,9.83521510008135,0.30725264496160,-0.34314233415592,-0.05283572385413,0.00986386308246,-0.08780620987805,-0.06713434939572,0.91963585808465,-0.00494344801420,-0.00477451206092,0.39271162361208,0.00323858749846,-0.02172617666576,0.06489094165967
29396000,-2.24014817538785,1.95540853462589,9.88266352137062,0.31786904883304,-0.41612049297605,-0.02483658001884,-0.03316452891934,-0.04113537801565,-0.00748614773896,0.91266745958593,-0.00223022869183,-0.00411208121687,0.40867625837142,0.02393199202632,-0.00411488178990,-0.00826014789685
30396000,-2.66110380937049,2.26356245325824,9.91453983052825,0.27710874208747,-0.40565789214953,-0.01323346804347,0.01996710723896,0.03176743660876,0.03553480873145,0.91469883400777,-0.00327457834396,0.00049258628727,0.40412262233821,-0.00834990633883,0.01564603593843,-0.00633914061619
31396000,-3.02429701886787,2.52655832903572,9.94181359439606,0.35097202770640,-0.38331710642732,0.00835387598294,0.04324616498460,-0.01631756275425,-0.02402959438320,0.91511369840991,-0.00572377618177,-0.00111505003203,0.40315376998776,0.01452586982352,-0.00194737969873,-0.00104906633822
32396000,-3.42244571214064,2.92327124790816,9.95313206916332,0.36749512885772,-0.38448726541484,-0.00744134877258,-0.07048095419058,0.04538259345242,0.05503014757152,0.91457462624588,0.00084828541098,-0.00061627509372,0.40441587943577,0.01018036328722,-0.00359923277414,0.00296091141546
33396000,-3.81099675849842,3.27592854950955,9.96629723194730,0.32840284930575,-0.35208373953917,-0.01369283550961,-0.03852217656797,0.02549563160878,0.07629188936137,0.91467028276143,-0.00060132421539,-0.00067726539231,0.40419716373870,0.01017863228572,0.00123125201758,0.00220149065744
34396000,-4.19954780485620,3.62858585111094,9.97946239473129,0.28931056975378,-0.31968021366350,-0.01994432224663,-0.00656339894537,0.00560866976515,0.09755363115121,0.91476593927698,-0.00205093384176,-0.00073825569090,0.40397844804162,0.01017690128423,0.00606173680929,0.00144206989942
35396000,-4.52306388349444,3.89900316384282,9.99747502250315,0.31511292419533,-0.32893188339849,0.00602408255864,0.05521242381585,-0.03863539770072,-0.03402180756438,0.91489569602028,-0.00596847443133,-0.00144197050032,0.40364372936849,-0.00089065720152,-0.00144931012364,-0.00170918352090
36396000,-4.80410800328424,4.19703571985088,10.01270032547717,0.36240216942444,-0.37706070403225,-0.00610856840664,0.03680633509470,-0.10474867125282,0.03259293796391,0.91470676134996,-0.00697112564953,-0.00520665300677,0.40402460394708,0.00332817246316,-0.00010554330671,0.00824329916122
37396000,-5.20043289734978,4.54699540962640,10.02925072888381,0.36875639279054,-0.42507620227502,0.01206303915541,-0.00985307746826,0.01624707660583,-0.06712380209577,0.91427092899815,-0.00244459087276,-0.00072617229456,0.40509531762055,0.00906858131585,0.00416064803863,-0.00397640711591
38396000,-5.59128702501971,4.88857312613640,10.02289543374689,0.36605736285646,-0.38625232102153,-0.02371798422598,-0.01378331616704,0.01087354941770,0.02233749670264,0.91520445861694,-0.00226444427114,-0.00094619060716,0.40298243825522,0.00624383226752,-0.00764192575494,0.00350377052631
39396000,-5.99419562947054,5.24064687775025,10.01815192371269,0.32511291525108,-0.37278785992230,-0.04851738407998,-0.00676008393602,0.03749995268368,0.05594270411466,0.91413824155834,-0.00184324006743,0.00049459176776,0.40539815658089,-0.00813031905696,0.01524470348900,-0.00445893249724
40396000,-6.35030019070635,5.54652215039062,10.06201121250745,0.35021132854334,-0.34151471206822,-0.00022912908680,0.03090263300972,-0.02753065440367,-0.03821668236607,0.91568448853155,-0.00493503678274,-0.00157085508049,0.40186462668757,0.00194051516173,-0.00847967778796,0.00186882124052
41396000,-6.68739502844899,5.90422570565347,10.07006141305559,0.34321773610749,-0.37448165669188,-0.02141377038945,-0.01064285690960,-0.02029437521955,0.02350685732186,0.91392957264783,-0.00296103601226,-0.00231922860183,0.40585543707830,-0.00027785750060,0.00861452258947,0.00346844827665
42396000,-7.06520706556647,6.30169407062888,10.14548127187459,0.33409612388502,-0.37987918864277,0.04950910756441,-0.09414725829477,-0.00032238283970,0.01062936012375,0.91398652093228,0.00151328937248,-0.00324803322682,0.40572885698430,-0.00138615498583,-0.00539180951718,0.00857084246858
43396000,-7.46009781656875,6.58342121481108,10.11332182543187,0.31116788900722,-0.37459681736097,0.00771536317901,0.02382501070606,0.03257088261281,-0.05562519990093,0.91462111922805,-0.00318994907326,0.00077411478228,0.40429877916102,-0.00131542812725,0.00248630312158,-0.01026847383014
44396000,-7.80271327729492,6.87773957240468,10.08279500644389,0.34809311583002,-0.35999286596932,-0.04549389529785,0.04600822452821,-0.01706389939747,-0.03351392963952,0.91552203554258,-0.00543811674722,-0.00096493798257,0.40223000614985,-0.00498323639322,-0.00813541992558,0.00254723896823
45396000,-8.17715123754543,7.22967336385748,10.09953469494193,0.34195465762372,-0.36010203316688,-0.04495350182713,0.01860184949815,-0.00373849140658,-0.02348012858958,0.91512393795826,-0.00386693477273,-0.00090000322381,0.40314889625166,-0.00951953044267,-0.00275274227518,0.00217132122670
46396000,-8.55158919779593,7.58160715531028,10.11627438343998,0.33581619941742,-0.36021120036444,-0.04441310835641,-0.00880452553192,0.00958691658431,-0.01344632753965,0.91472584037394,-0.00229575279823,-0.00083506846505,0.40406778635348,-0.01405582449213,0.00262993537523,0.00179540348516
47396000,-8.92831378058376,7.88325635581538,10.14733807326307,0.33638708752406,-0.36654174915739,-0.02590858517554,0.04934614388074,0.03099611311511,-0.00105163701937,0.91519247906768,-0.00465299699362,0.00142649547505,0.40298772207931,-0.01340731168406,0.00647761411531,-0.00891375982847
48396000,-9.27304412561988,8.21901829125672,10.15507563045576,0.33977522733221,-0.38258592691351,-0.03593999140796,0.03629317974191,0.01160686990793,0.01006480341644,0.91456361569479,-0.00449470779234,0.00018808098944,0.40441220218872,-0.00506309484364,0.01070951551031,-0.00805566562656
49396000,-9.61777447065600,8.55478022669806,10.16281318764845,0.34316336714036,-0.39863010466963,-0.04597139764038,0.02324021560307,-0.00778237329924,0.02118124385225,0.91393475232189,-0.00433641859107,-0.00105033349617,0.40583668229812,0.00328112199678,0.01494141690532,-0.00719757142466
50396000,-10.02410616109066,8.91164569213329,10.22095920881541,0.36526080782418,-0.39068701921945,0.00019368753374,-0.03231324155600,0.04848577005216,0.04635535590924,0.91548939799450,-0.00059567436201,0.00051927140168,0.40234144957280,0.01003071901259,-0.01079242214587,-0.00015437449161
51396000,-10.36995223546946,9.27942010802605,10.22511505259443,0.34277067992502,-0.38653321721205,-0.00083852897144,-0.05128830714272,0.00371288385379,-0.02660613704989,0.91354138729969,-0.00048559221060,-0.00202604506332,0.40670451989308,0.00682873269021,-0.00341877416663,0.01029410669049
52396000,-10.71579830984826,9.64719452391881,10.22927089637345,0.32028055202586,-0.38237941520464,-0.00187074547663,-0.07026337272944,-0.04106000234458,-0.09956763000901,0.91159337660489,-0.00037551005920,-0.00457136152832,0.41106759021336,0.00362674636783,0.00395487381260,0.02074258787259
53396000,-11.10003847579766,9.88686298079213,10.27830196884394,0.30688357281093,-0.39683728633875,0.00585777977279,0.10001684108569,0.01602260780206,0.07770036093225,0.91386867875375,-0.00717040782522,0.00143103002376,0.40594420543658,0.00040274324812,-0.00011438237370,-0.04543522069261
54396000,-11.48415293795987,10.25577694082519,10.26203633834269,0.37458328042605,-0.37835269791795,0.00019432115280,-0.03818894905320,0.02917210458688,-0.09196708265992,0.91737354238441,-0.00058085680434,-0.00065405378053,0.39802644044304,0.01211548939571,-0.03036728060452,0.02441220639919
55396000,-11.84843093863938,10.60294468601760,10.28120941611342,0.32175095759858,-0.36658889335024,-0.01752561174168,-0.00215376419314,-0.00650955256053,0.05861182618909,0.91227692263968,-0.00280653627737,-0.00156491183102,0.40956141222586,-0.00281920971869,-0.00214361906401,-0.01024217619717
56396000,-12.21890644418876,10.90127724477317,10.28490271485178,0.33765832550046,-0.36872761874742,-0.01936674343820,0.03453828285010,0.00326649640175,-0.01342199289389,0.91650825048878,-0.00448231058455,-0.00036770094316,0.39999056352125,-0.00283131233494,-0.00714286287911,-0.01398381118870
57396000,-12.58487584121360,11.23387524463726,10.29929769807903,0.23791900477867,-0.40502939054236,-0.03580874511948,-0.59351530104487,-0.13134488721725,0.04484237770010,0.89757249013928,0.02086602053932,-0.02187417502321,0.43663653366463,0.03525514951235,-0.03470112941098,0.37463026013340
58396000,-12.95084523823844,11.56647324450135,10.31369268130629,0.13817968405688,-0.44133116233730,-0.05225074680076,-1.22156888493984,-0.26595627083625,0.10310674829410,0.87863672978979,0.04621435166319,-0.04338064910326,0.47328250380800,0.07334161135964,-0.06225939594286,0.76324433145551
59396000,-13.43789191593215,11.47299675122857,10.30601222830622,-0.04205673822617,-0.51863866738996,-0.00991402104893,0.05631904707037,-0.02667897143371,-0.16077065893680,0.53294185686153,-0.00560077123858,-0.00019600238260,0.84615656419872,0.00811129822378,0.00007549813677,0.85442491274795
60396000,-13.97482833964502,11.44730720645972,10.34834627881699,-0.04767821911364,-0.50710181895852,0.02233795901205,-0.12940022640571,0.08772827792722,0.04119009991000,0.54262610001517,0.00450320661743,-0.00503234995374,0.83994480582254,0.00830045717717,0.00719408121839,-0.34282594375365
61396000,-14.45505484821826,11.37108156607150,10.36626871017444,-0.12950255800836,-0.46090390134226,0.03897630371918,-0.36311024824797,0.06584658294734,0.02914939458876,0.57304384075357,0.01147037251393,-0.01603365158293,0.81928396285803,-0.04208486903169,-0.22825634102219,0.07092602244370
62396000,-14.94059943126656,11.15935689739270,10.34389802917374,-0.20503807507554,-0.45068666074361,0.01121227672970,0.04491209912718,0.02398205366584,0.02155193948163,0.56291462625630,-0.00223873226163,0.00002070283766,0.82651207461844,0.00938321307525,-0.00072137298686,-0.00914441111923
63396000,-15.44642277938316,11.05366070850961,10.33467001806363,-0.21562491082606,-0.43683596956737,0.00915968300686,-0.08360575627070,0.07370253115953,-0.02744427437924,0.56301119865772,0.00387759478494,-0.00403768716640,0.82643035809937,0.00425830220655,0.00611590185869,0.00746931438924
64396000,-15.88011811971928,10.80670133214774,10.32855245642011,-0.21556945968583,-0.40295660218940,0.00471217215408,0.03650995565009,-0.01692602313963,-0.05969799539224,0.56358672414142,-0.00316482354093,-0.00149520212820,0.82604953540871,-0.01363439844567,0.00478712061120,-0.00798284199667
65396000,-16.26871234879581,10.64619708389750,10.35408361014952,-0.20222433774105,-0.45114190257513,0.01343253444279,-0.02451598665111,-0.08278082689420,0.05028399972556,0.56436300768102,-0.00445665378305,-0.00619086156870,0.82549154808941,0.01050660641959,-0.00184222238426,0.00301493415339
66396000,-16.77475483623606,10.41568852932096,10.30495446758684,-0.21679490872635,-0.45697887995446,-0.02619563632823,0.06128864099352,0.02899607242040,-0.05438641803672,0.56466824630025,-0.00221638916597,0.00066405051526,0.82531478346597,-0.01296818063550,0.03227028625174,-0.00656262721763
67396000,-17.24625207484848,10.23178315455030,10.30068333293486,-0.18722941916827,-0.46160760926509,-0.03122352063038,0.03268651994823,0.03561984048844,-0.05504969878123,0.56415458680365,-0.00114246722333,-0.00019557217681,0.82566703618178,-0.00739580540912,0.01477901427426,-0.00558355555748
68396000,-17.71774931346090,10.04787777977964,10.29641219828289,-0.15766392961018,-0.46623633857572,-0.03625140493252,0.00408439890294,0.04224360855648,-0.05571297952574,0.56364092730706,-0.00006854528070,-0.00105519486887,0.82601928889758,-0.00182343018273,-0.00271225770322,-0.00460448389732
69396000,-18.16478803301285,9.88267226025486,10.32058981621308,-0.16243692593252,-0.47395516883292,-0.01466216156593,-0.01613683163678,0.01989066271527,-0.03291740219759,0.56392941080771,-0.00048423535965,-0.00256781795527,0.82581733198565,0.00301359191224,0.00194775590369,0.00048711436990
70396000,-18.61182675256482,9.71746674073007,10.34476743414327,-0.16720992225486,-0.48167399909012,0.00692708180067,-0.03635806217649,-0.00246228312594,-0.01012182486944,0.56421789430835,-0.00089992543861,-0.00408044104166,0.82561537507371,0.00785061400722,0.00660776951060,0.00557871263712
71396000,-19.05449852016996,9.55579306634900,10.35532881174525,-0.19899959153876,-0.49777139806586,0.01402840373450,-0.02140181305385,-0.00362379178589,0.00862728083213,0.56396157781432,-0.00137741286154,-0.00379600222134,0.82579094416395,0.01459800389153,0.00883531807845,0.00413680685174
72396000,-19.49717028777511,9.39411939196793,10.36589018934724,-0.23078926082266,-0.51386879704160,0.02112972566833,-0.00644556393121,-0.00478530044584,0.02737638653369,0.56370526132029,-0.00185490028447,-0.00351156340102,0.82596651325419,0.02134539377585,0.01106286664630,0.00269490106636
73396000,-20.03580801721405,9.11095988799276,10.36825841409751,-0.18755920824843,-0.48251717524179,0.02170900753174,0.10214520513746,0.08696325429747,0.02197017482749,0.56535879674510,-0.00108422818630,0.00411211525003,0.82483415144056,0.00226929112300,-0.00673483512815,-0.00713081016297
74396000,-20.45185139520675,8.96466309625342,10.34945564468598,-0.16486398712972,-0.47654590446317,0.00078704599488,0.01713985777928,0.00327173624492,0.02585467285326,0.56521869805295,-0.00229530462664,-0.00178835295903,0.82491399665155,0.00099479365905,-0.00381377237968,0.00113311678838
75396000,-20.86789477319945,8.81836630451409,10.33065287527444,-0.14216876601101,-0.47057463368456,-0.02013491554198,-0.06786548957890,-0.08041978180763,0.02973917087902,0.56507859936079,-0.00350638106698,-0.00768882116808,0.82499384186254,-0.00027970380490,-0.00089270963122,0.00939704373973
76396000,-21.36378239840046,8.64408887800953,10.34792806457091,-0.18686549776348,-0.47529756314196,-0.00194411153840,-0.02315156715389,-0.01272727563573,0.02056641364987,0.56439037060521,-0.00183555438622,-0.00405968541351,0.82548595358047,0.00941356879389,0.00977306430277,0.00422369737441
77396000,-21.85967002360147,8.46981145150497,10.36520325386739,-0.23156222951595,-0.48002049259937,0.01624669246517,0.02156235527112,0.05496523053616,0.01139365642072,0.56370214184963,-0.00016472770547,-0.00043054965893,0.82597806529841,0.01910684139267,0.02043883823677,-0.00094964899092
78396000,-22.35657713699022,8.25787317594947,10.31353711619722,-0.19542787301751,-0.44015607292305,-0.02552271095828,0.01724656550639,0.05683989990124,-0.08914891493590,0.56409045157013,0.00016002958294,-0.00020044057794,0.82571295782825,0.00345512374015,0.02506819279304,0.00321679295259
79396000,-22.79501438346238,8.08239148644914,10.32994572140912,-0.17497509368366,-0.42945634425683,-0.01896758115519,-0.00680840233126,0.00507166126156,-0.02327390355278,0.56478450322056,-0.00131800004017,-0.00255579349938,0.82522828640613,-0.00958884403747,0.01238313053551,0.01050895668767
80396000,-23.23345162993454,7.90690979694882,10.34635432662102,-0.15452231434981,-0.41875661559061,-0.01241245135210,-0.03086337016890,-0.04669657737813,0.04260110783035,0.56547855487099,-0.00279602966329,-0.00491114642083,0.82474361498402,-0.02263281181508,-0.00030193172202,0.01780112042274
81396000,-23.66230960603819,7.72502985355486,10.35511658108884,-0.16017667259371,-0.49186572168383,0.01199702460455,-0.02448463519649,-0.01618255404820,-0.04536464512750,0.56560953663683,-0.00196397656033,-0.00396710110258,0.82466132647488,0.01195250443362,-0.01003536547371,-0.00107716273312
82396000,-24.12133986325805,7.54169159058175,10.36798456279284,-0.19268086735192,-0.50176211633434,0.01732535884549,0.02514870231658,0.00672442417243,-0.00424458311774,0.56435661063681,-0.00246578619126,-0.00148110187987,0.82552082106535,0.01139822014420,0.00741668351847,-0.00610593346819
83396000,-24.58037012047791,7.35835332760864,10.38085254449684,-0.22518506211012,-0.51165851098484,0.02265369308643,0.07478203982964,0.02963140239305,0.03687547889202,0.56310368463679,-0.00296759582219,0.00100489734284,0.82638031565583,0.01084393585479,0.02486873251065,-0.01113470420327
84396000,-25.08276270221248,7.14165013703808,10.37752990562620,-0.15730362903440,-0.48027693469387,0.02200339223416,0.05405544182289,0.04524382734220,0.01233436002942,0.56703067124532,-0.00177219371267,0.00100848067137,0.82369419387572,0.00690239213637,-0.00835701273492,-0.00008856502141
85396000,-25.55417945199162,7.01272808071291,10.33820241067728,-0.14630477795488,-0.46218284889238,-0.00894301612251,-0.04337895583132,0.01940913722797,-0.07205806589291,0.56437653006545,0.00002353317006,-0.00369764855742,0.82550922061336,0.00597949294052,-0.01271031462770,0.00945911698375
86396000,-26.06546060352393,6.85878125255372,10.36074529314347,-0.18629622438719,-0.44456125740288,0.01195434421031,-0.03569565994779,0.07336990354359,-0.04210241902220,0.56175645351921,0.00241992782623,-0.00188066169094,0.82729701802123,0.00575228215067,-0.00162762901980,0.00232524660966
87396000,-26.51743528215763,6.68544651278385,10.35068932374439,-0.20432200898299,-0.41594975612244,-0.01213907664371,-0.00908947968526,0.02718843467483,0.01012104177822,0.56217853337107,0.00006434345006,-0.00208248508194,0.82701330726833,-0.01084011600085,-0.00323731863086,0.00021249816430
88396000,-26.91025231737927,6.47086106129572,10.35442873625657,-0.20455853385965,-0.45690703529354,-0.00211749853429,0.03125763798219,-0.02114531782181,-0.02233644759629,0.56460236610330,-0.00340234558638,-0.00192277807220,0.82534126982422,0.00135343501957,0.00797433030492,-0.00683482652071
89396000,-27.30306935260090,6.25627560980758,10.35816814876874,-0.20479505873632,-0.49786431446464,0.00790407957512,0.07160475564964,-0.06947907031844,-0.05479393697080,0.56702619883552,-0.00686903462282,-0.00176307106245,0.82366923238011,0.01354698604000,0.01918597924071,-0.01388215120572
90396000,-27.76016142974872,6.06411408606299,10.36413316961859,-0.14507688793925,-0.52765453503431,-0.00296833802791,0.03464742524358,-0.02285548616426,0.04591376457102,0.56958224639447,-0.00436867584984,-0.00189418063969,0.82192056917618,0.00957744506518,-0.00519673246165,0.00655133324766
91396000,-28.27613289216010,5.97160122855999,10.35739566350294,-0.15526209543251,-0.50832818693786,-0.01501218304464,-0.08998520336696,0.05393099026866,0.05687729220008,0.56329953210423,0.00259018865298,-0.00497353623922,0.82623376295996,0.00406082573123,0.01526632165455,0.02793071364728
92396000,-28.76318650832354,5.79601296672394,10.32340907977511,-0.21581972200570,-0.46298924922602,-0.03760986219291,-0.01787022364916,0.02653776535951,-0.04459920341607,0.55967501996352,-0.00024676158364,-0.00288291965661,0.82870716000293,0.00723794614805,0.01389247731966,-0.00892681911499
93396000,-29.23811323583717,5.55854719771672,10.37791889013321,-0.19540933332510,-0.45443469341751,-0.00612578678574,0.05668090415824,0.02910027765845,0.15155179836644,0.56571055418672,-0.00227444472599,0.00045387685856,0.82460067000882,0.00364876684846,-0.00265786808819,-0.01122756697101
94396000,-29.71039459769134,5.36385762903226,10.37642211418699,-0.17414459093252,-0.43385403277423,-0.00627317510982,0.04919190107092,0.01934806678583,0.12723460755206,0.56652122346507,-0.00235414656321,0.00006228277753,0.82404312860697,-0.00616637515422,-0.00796133266217,-0.02766278476074
95396000,-30.18267595954551,5.16916806034781,10.37492533824076,-0.15287984853994,-0.41327337213096,-0.00642056343389,0.04170289798360,0.00959585591321,0.10291741673768,0.56733189274343,-0.00243384840042,-0.00032931130350,0.82348558720513,-0.01598151715690,-0.01326479723615,-0.04409800255048
96396000,-30.62570861298045,5.02563589986626,10.37929193541170,-0.17438014320618,-0.45691272915354,0.00669547372218,0.00013836113961,0.02273942403271,0.04793608759884,0.56391337662890,-0.00079827726466,-0.00188351534984,0.82581798880403,0.00694454222181,-0.00207102002752,-0.01499622804081
97396000,-31.06874126641540,4.88210373938472,10.38365853258265,-0.19588043787243,-0.50055208617612,0.01981151087825,-0.04142617570439,0.03588299215221,-0.00704524154000,0.56049486051438,0.00083729387109,-0.00343771939618,0.82815039040294,0.02987060160051,0.00912275718110,0.01410554646886
98396000,-31.50756185754996,4.68355932170369,10.36919921163540,-0.18460703462513,-0.47566434310991,0.00379113080038,-0.01544664554681,-0.02514182055914,-0.01930101354840,0.56277722142879,-0.00244975933218,-0.00398083890278,0.82658409762632,0.01001725029207,0.00894804389538,0.00306407729066
99396000,-31.94638244868452,4.48501490402266,10.35473989068815,-0.17333363137783,-0.45077660004371,-0.01222924927749,0.01053288461076,-0.08616663327049,-0.03155678555680,0.56505958234319,-0.00573681253546,-0.00452395840938,0.82501780484970,-0.00983610101638,0.00877333060965,-0.00797739188753
100396000,-32.38294177227055,4.28196044036474,10.37721027939458,-0.29222603958504,-0.29462028448300,0.00239519437934,-0.02414765273327,0.00672699616440,0.04155784125889,0.49534261846194,-0.00014452170629,-0.00432383626762,0.86146223027111,-0.04847351240887,0.17498755277863,0.37220446995488
101396000,-32.81950109585658,4.07890597670683,10.39968066810100,-0.41111844779224,-0.13846396892230,0.01701963803618,-0.05882819007730,0.09962062559929,0.11467246807457,0.42562565458069,0.00544776912289,-0.00412371412587,0.89790665569252,-0.08711092380135,0.34120177494760,0.75238633179729
102396000,-33.25606041944261,3.87585151304892,10.42215105680743,-0.53001085599945,0.01769234663841,0.03164408169302,-0.09350872742133,0.19251425503418,0.18778709489025,0.35590869069944,0.01104005995206,-0.00392359198411,0.93435108111394,-0.12574833519384,0.50741599711657,1.13256819363970
103396000,-33.24021873202047,3.35323210668638,10.36700963916490,-0.49783981740356,-0.03446791450719,0.01511715996437,-0.02041027418284,0.00995306656797,-0.15243885476187,-0.13014816392688,-0.00024089541019,-0.00437089786678,0.99147318874537,-0.01308294484764,-0.00099784525252,0.72523958572175
104396000,-33.26315062302593,2.82147895893899,10.32886202252579,-0.50709428632516,-0.01481845586499,-0.02839174967746,0.05465706590668,0.08175325117776,-0.04942426686444,-0.11472639996129,0.00394778328715,-0.00102433069889,0.99338979558516,0.00612200170262,0.00215369813442,-0.32889437963736
105396000,-33.15523453106461,2.35189344804861,10.37008539197923,-0.47251704772406,0.11028706596684,-0.00243382657643,-0.02148817996911,-0.06941355551149,0.06920075335520,-0.07835900479281,-0.00330437557172,-0.00410342529898,0.99691119246821,-0.01792578809169,0.01469557836305,0.05647655159637
106396000,-33.08498807479155,1.84251190423789,10.32723019233711,-0.50285278727467,0.07883321056676,-0.03754471380774,0.03393453420317,0.01354460422844,-0.04513268672158,-0.09010890812469,0.00107368826808,-0.00163182199595,0.99593004718044,0.00738706702537,0.00710638890143,-0.00317532100194
107396000,-32.99968047953458,1.34151608304376,10.38037535547784,-0.47969649834355,0.09038072396632,-0.00330184363555,0.02177206399635,-0.00010770455768,0.10909714684985,-0.08851837341104,0.00044228781917,-0.00206180575021,0.99607234846563,-0.00259038627873,0.00108475990815,-0.00042422999491
108396000,-32.89693059693248,0.84913344762201,10.36965611295253,-0.47076635418253,0.08426606058707,-0.00322612426197,0.01278243858277,-0.00615804254935,0.02142562495746,-0.08782065532618,-0.00001987694268,-0.00235195269527,0.99613313313720,-0.00553073247495,0.00758353630315,0.00121468810087
109396000,-32.79418071433039,0.35675081220027,10.35893687042721,-0.46183621002151,0.07815139720782,-0.00315040488839,0.00379281316919,-0.01220838054101,-0.06624589693493,-0.08712293724132,-0.00048204170454,-0.00264209964033,0.99619391780876,-0.00847107867116,0.01408231269814,0.00285360619666
110396000,-32.73133642909177,-0.13112451370608,10.37643950562847,-0.46785400887335,0.06782991855109,0.01024196643974,0.00742051328605,0.03567930517604,-0.01218194989530,-0.08811752955127,0.00194734212395,-0.00263881934159,0.99610472099706,-0.01363707735362,0.00300609521962,0.00041010875581
111396000,-32.68902751274032,-0.56051924584859,10.38005300107570,-0.50289862933270,0.09499488257781,0.00015405029923,-0.06754925589186,0.04872854701565,0.05802643854325,-0.08982638599726,0.00256143390400,-0.00673813833494,0.99593136553805,0.01274732285249,-0.01157913403708,0.00389038841799
112396000,-32.61949270343546,-1.12110412874582,10.35725528185216,-0.49549544182540,0.13187171724863,-0.00343423404919,0.07121065968513,0.04343195834988,-0.07404658115441,-0.09198911479621,0.00321041072799,0.00038276070207,0.99575483013067,-0.00760481751770,0.00435977092320,0.00056883960352
113396000,-32.48073769557573,-1.56181980281544,10.36977252638771,-0.47652888200275,0.13555129381050,-0.01131853388832,-0.04990591799715,-0.03926668207128,0.05877669724225,-0.08943393688820,-0.00149966231613,-0.00527910090164,0.99597766139458,0.00591816725487,0.00905838546944,-0.00732022243706
114396000,-32.37248136512656,-2.03785674902146,10.36381189861585,-0.50119783806473,0.10248412142267,-0.00997885012007,-0.02832790062075,-0.02220576083922,0.01026522017392,-0.08820429137046,-0.00076420292699,-0.00444088536378,0.99609085544574,0.00698633364479,0.00928229575707,-0.00060114370766
115396000,-32.26422503467739,-2.51389369522748,10.35785127084399,-0.52586679412670,0.06941694903484,-0.00863916635182,-0.00674988324435,-0.00514483960715,-0.03824625689440,-0.08697464585272,-0.00002874353784,-0.00360266982592,0.99620404949691,0.00805450003472,0.00950620604470,0.00611793502175
116396000,-32.18877971602920,-2.99291583292708,10.34744159367123,-0.52460565852861,0.05330954798856,-0.02666092955657,-0.01609000649100,0.02383476011135,0.00582754406650,-0.08616391850581,0.00132604205149,-0.00428860243837,0.99627090560124,0.00819981302092,-0.00778057940729,0.00466810882703
117396000,-32.11978884636056,-3.51754029320023,10.38109714327598,-0.50925706156469,0.10247809931810,0.01005257070354,0.03567173395270,-0.01624682854281,0.01993636108982,-0.09172247750107,-0.00025654000030,-0.00152737150768,0.99578343786924,-0.00452981171956,0.01486994707147,-0.00432991879158
118396000,-32.02087995610258,-4.00604434358868,10.42315915805548,-0.48798574562571,0.07987180649419,0.06048887315459,-0.00246852840154,-0.00036965084587,-0.00662639598129,-0.08704838019051,0.00027060254367,-0.00339721631427,0.99619830115833,-0.00394799531106,-0.00224650033450,0.00134969585180
119396000,-31.94680616013892,-4.50128824209260,10.37598148490320,-0.48453124306280,0.07687118879936,0.01346444069205,0.01065344043014,0.02541233538123,-0.04424309056151,-0.08809111449780,0.00160045859630,-0.00283184600103,0.99610555647850,-0.00895865267997,0.00064004784375,0.00756766174636
120396000,-31.87273236417525,-4.99653214059652,10.32880381175092,-0.48107674049989,0.07387057110453,-0.03355999177048,0.02377540926182,0.05119432160833,-0.08185978514172,-0.08913384880509,0.00293031464893,-0.00226647568780,0.99601281179866,-0.01396931004888,0.00352659602199,0.01378562764092
121396000,-31.74944926620021,-5.49129927176369,10.35108880704526,-0.45761312181102,0.10360020908749,-0.01754917805331,-0.00966155150892,-0.03926125626193,-0.02407902242462,-0.08855281810733,-0.00164291161750,-0.00336617177789,0.99605320432182,-0.01617515925827,0.01135870617209,-0.01015449434365
122396000,-31.62616616822518,-5.98606640293087,10.37337380233960,-0.43414950312215,0.13332984707044,-0.00153836433613,-0.04309851227967,-0.12971683413219,0.03370174029249,-0.08797178740957,-0.00621613788393,-0.00446586786798,0.99609359684498,-0.01838100846766,0.01919081632218,-0.03409461632823
123396000,-31.53930578814861,-6.44435184816405,10.39686879714130,-0.47491112039955,0.04395841171311,0.03532604422562,-0.05341505620598,-0.01145480340539,-0.03551743940341,-0.08133903858776,-0.00071014842983,-0.00564595835337,0.99667027040271,0.00189994852836,-0.00653659297210,0.01641396387582
124396000,-31.49104599186784,-6.95599657747387,10.35521402265037,-0.49700244590114,0.05585587050370,-0.01366454563241,0.01915625257503,0.02799692583334,-0.03306414420351,-0.08826666278930,0.00161171394146,-0.00227909277918,0.99609300898863,0.00364635808153,-0.00472314757256,0.00766957519376
125396000,-31.40337995750693,-7.45165093236412,10.35083559371087,-0.49292929999739,0.08243358039348,-0.01106637376430,0.01387407834420,-0.00873059562457,-0.07387431771988,-0.08905281336442,-0.00007385702828,-0.00237539378150,0.99602235662935,0.00604724155502,-0.00485432254542,-0.00808388909546
126396000,-31.31571392314602,-7.94730528725437,10.34645716477137,-0.48885615409363,0.10901129028327,-0.00846820189618,0.00859190411336,-0.04545811708247,-0.11468449123624,-0.08983896393954,-0.00175942799802,-0.00247169478383,0.99595170427007,0.00844812502851,-0.00498549751828,-0.02383735338467
127396000,-31.22238487859234,-8.40219661198426,10.38859872200936,-0.48763668773788,0.07239004868946,0.00571143285947,-0.04506987724705,-0.01613269471367,0.08184886932546,-0.08889038592779,-0.00067051027166,-0.00548632368486,0.99602617034450,-0.00338186051140,-0.02505336551138,-0.00833208571949
128396000,-31.15921600493722,-8.91588369688991,10.37194104713564,-0.50363114170150,0.08210833856549,0.01182747137799,0.01240954135852,0.04139305326972,-0.07932423037403,-0.08903664970314,0.00244821187503,-0.00284480631038,0.99602130386439,0.00940709555959,0.00584150398529,0.01441291054725
129396000,-31.04781412127055,-9.41309118525883,10.39124723076380,-0.48716633809576,0.08590310657580,0.03082645263410,0.00985760901934,-0.00756836258717,-0.04676108228556,-0.08778062324376,-0.00002875322304,-0.00276874401087,0.99613602038391,-0.00087867839362,-0.00056289312296,-0.01116162741269
130396000,-30.99819447559342,-9.90016970049133,10.38492642745003,-0.48882175264716,0.09378332147745,0.01342065779577,0.00290438852587,0.04691924632501,-0.01011399848522,-0.09206211052980,0.00274350668467,-0.00342380566096,0.99574366717908,-0.00096091812245,0.01082793781948,0.02645866990312
131396000,-30.87868122858896,-10.45612722434237,10.37850281981452,-0.46762364951776,0.10433355995751,0.00362907434952,0.07928390127645,-0.02870809383422,0.01412974286949,-0.09229014340608,-0.00068733731262,0.00109369649369,0.99573136365148,-0.00885751215780,0.00392213740519,-0.01796788153206
132396000,-30.76230288119717,-10.91706862120299,10.39945653735059,-0.46168204228158,0.07960435997837,0.02744501553689,0.00179513012598,-0.05718058716265,0.02186790120477,-0.08072909064790,-0.00263272275422,-0.00260363315679,0.99672927001334,0.01195962041555,-0.00923953361157,-0.01822668589685
133396000,-30.68346180481945,-11.33085967288025,10.34902637768672,-0.19013398121316,0.44069059482683,-0.04514365961136,0.70088821405240,0.73412317266777,0.12201239329874,-0.23491274024100,0.04585380898104,0.02347751160531,0.97065821517564,-0.04304921700992,0.50062726569751,1.00426253260865
134396000,-30.18164919050204,-11.52753544678226,10.37027991883148,-0.19774921214410,0.43785107224387,-0.00681436535448,0.45111265013261,0.36708474516689,0.06175671443952,-0.45845095876871,0.02699123534502,0.01406677983354,0.85098236504551,-0.03109149275387,0.25464159178736,0.33586423213753
135396000,-29.67983657618462,-11.72421122068427,10.39153345997624,-0.20536444307504,0.43501154966091,0.03151492890240,0.20133708621282,0.00004631766600,0.00150103558030,-0.68198917729641,0.00812866170900,0.00465604806176,0.73130651491539,-0.01913376849782,0.00865591787721,-0.33253406833359
136396000,-29.28399854805262,-11.87687986180864,10.36727475344835,-0.10331810868903,0.48538753867244,0.00542786788938,0.14123267564984,0.11954413515581,-0.05988595081456,-0.65106933588166,0.01184141462154,-0.00031601980546,0.75891902068902,0.00658882456624,-0.22928311980896,0.06389037751917
137396000,-28.78728348492550,-11.91270331526172,10.35594702140459,-0.03484103039034,0.52178869724523,-0.02253713148889,-0.03620909748121,0.02454124242375,0.04647458828254,-0.66189741686945,0.00216009981347,-0.00458298513978,0.74957738616230,0.00022997539002,-0.01288097021993,-0.01552583784941
138396000,-28.25448451563967,-11.97066713377403,10.35455818322026,-0.04869833370722,0.51210988264875,-0.00545858603002,-0.00572991204520,-0.02300577410501,-0.06565670280885,-0.65907305574100,0.00125142881116,-0.00170682518161,0.75207600030849,0.00533679790498,0.00629979715028,0.00077112150028
139396000,-27.77624814011589,-12.04176095450610,10.35966693021339,-0.04304537854438,0.48949921328138,-0.00620545489346,0.01360187638946,0.01290122926055,-0.03737159065376,-0.65949028901288,0.00324590321333,-0.00209850816666,0.75170318435388,-0.01721533885382,0.00901714851223,0.00139125771479
140396000,-27.27642028581946,-12.09709784077004,10.36556108152675,-0.05925330671173,0.48764525987413,0.00090063009421,0.01430499194751,0.01073979953775,-0.04411053249614,-0.65936559674435,0.00312875301872,-0.00212231570654,0.75181293884050,-0.01013796514912,0.00469878652634,0.00229463971239
141396000,-26.77659243152304,-12.15243472703398,10.37145523284011,-0.07546123487907,0.48579130646688,0.00800671508188,0.01500810750556,0.00857836981495,-0.05084947433853,-0.65924090447582,0.00301160282410,-0.00214612324641,0.75192269332713,-0.00306059144441,0.00038042454045,0.00319802171000
142396000,-26.27676457722661,-12.20777161329791,10.37734938415346,-0.09166916304641,0.48393735305963,0.01511280006955,0.01571122306360,0.00641694009216,-0.05758841618091,-0.65911621220729,0.00289445262949,-0.00216993078629,0.75203244781375,0.00401678226030,-0.00393793744544,0.00410140370761
143396000,-25.74634030607665,-12.34522299849350,10.36609257162090,-0.05837136108754,0.47098302030759,-0.01826146194283,0.09100396972210,-0.04600061282305,0.06549400102027,-0.66140998250423,0.00353397657558,0.00283005706435,0.75001093115335,-0.00195814086768,-0.00761777338113,0.00013701689807
144396000,-25.30681528365260,-12.37000581613377,10.38628926276906,-0.00106628079661,0.47499760319599,0.00813276889946,-0.02457040256758,0.04572412815434,0.04659211622965,-0.66067471641939,0.00334693036796,-0.00466069040742,0.75065035109491,-0.00256100812139,0.03630823380174,-0.00360600180594
145396000,-24.80007833572627,-12.39180291555844,10.37778703664842,-0.03974773080421,0.50932370992887,0.01252583737268,-0.03773635507323,-0.01937092500306,-0.04373106186888,-0.65939256434958,0.00042250688044,-0.00328794390092,0.75179149316676,0.00568474134147,0.02461178510041,-0.00276409270860
146396000,-24.27689202711226,-12.45376430918004,10.41586085445857,-0.06966488306938,0.47983968318896,0.03583978629163,-0.00340308649643,-0.04334929942642,0.07371896344390,-0.65848614519444,0.00041899986427,-0.00120513834615,0.75259179438264,-0.01656157785209,0.00960554057271,0.00192606619775
147396000,-23.76120598894607,-12.52086995172007,10.36203421841924,-0.09684324268042,0.47987144489387,0.00414153014762,0.00545008137374,-0.04903919070753,-0.08475907471471,-0.65869568848965,0.00030208340289,-0.00064027761412,0.75240916164917,0.01456959743693,-0.01125307754138,-0.00076421543678
148396000,-23.29033964700175,-12.59926378214658,10.36157632644547,-0.07204327738003,0.47093886929703,-0.00273094550260,0.00519357727984,-0.00305388228126,-0.04948365392112,-0.65937329811569,0.00205574749052,-0.00208005874353,0.75180608493770,0.00305016188976,-0.00022227534138,-0.00066151957022
149396000,-22.81947330505744,-12.67765761257309,10.36111843447170,-0.04724331207964,0.46200629370019,-0.00960342115281,0.00493707318594,0.04293142614501,-0.01420823312753,-0.66005090774173,0.00380941157816,-0.00351983987295,0.75120300822622,-0.00846927365740,0.01080852685861,-0.00055882370365
150396000,-22.33358162857553,-12.76843934177420,10.39336228816035,-0.05322925561797,0.49209707354526,0.01583196520128,0.03258436219285,-0.00106066075183,0.04633605788942,-0.65983180928559,0.00325277018120,-0.00105839072236,0.75140557395931,-0.00876520032568,-0.00798086427634,0.00503622910873
151396000,-21.83401334002993,-12.83188001642142,10.38825544858301,-0.02219144878818,0.49476462084350,0.00471775259652,-0.00221282676324,-0.00859642289630,0.07589346470750,-0.66096088810527,0.00189349858007,-0.00197363014463,0.75041210273606,-0.00517623115289,0.00527298378616,-0.00336520379074
152396000,-21.33444505148433,-12.89532069106863,10.38314860900567,0.00884635804161,0.49743216814174,-0.00639646000824,-0.03701001571934,-0.01613218504077,0.10545087152558,-0.66208996692495,0.00053422697895,-0.00288886956691,0.74941863151282,-0.00158726198010,0.01852683184867,-0.01176663669022
153396000,-20.83000827955293,-12.92750684556817,10.39797427885096,-0.04284646924836,0.49857701293913,0.02052648724941,-0.02774303518521,-0.02678477251068,0.04548649399613,-0.65834758579151,0.00025507945619,-0.00229428298349,0.75271057180659,0.00108969991035,-0.00185169607261,0.00137001384810
154396000,-20.35107758653611,-12.97539829693739,10.39935438913659,-0.07530879915894,0.48976802364356,0.02286434028621,-0.01068732270509,0.00809275604515,0.02765351684473,-0.65842130095743,0.00196220134458,-0.00293725203706,0.75264132846813,-0.00314803375450,-0.00074503414989,0.00122400513105
155396000,-19.87315007678505,-13.03960949165301,10.39210468758049,-0.06747678976566,0.49817173241681,0.01731417976879,-0.02098078032365,0.01227043693035,0.01652883064229,-0.65859312969511,0.00187923792041,-0.00351697801965,0.75248844843494,-0.00796051485385,0.00000153187156,-0.00387029051311
156396000,-19.39522256703399,-13.10382068636863,10.38485498602440,-0.05964478037237,0.50657544119005,0.01176401925138,-0.03127423794222,0.01644811781556,0.00540414443985,-0.65876495843279,0.00179627449624,-0.00409670400224,0.75233556840176,-0.01277299595319,0.00074809789301,-0.00896458615728
157396000,-18.88929357518820,-13.18396677026634,10.37195057869921,-0.07923462635708,0.53418313116627,-0.00363277382233,0.00961965098025,-0.01752211487076,-0.00196995550758,-0.65639790617544,0.00185365739503,-0.00152334462540,0.75441111012728,0.02563969559555,-0.00366408544008,0.01934065582919
158396000,-18.41073996020260,-13.20918018309563,10.35774173198694,-0.07971053628451,0.49276716237694,-0.01111127218441,-0.03369364696188,0.03186737497087,-0.02651924828685,-0.65834369737094,0.00217887006428,-0.00494295480999,0.75269808594236,-0.01815355029131,-0.00195001645315,-0.00966886701868
159396000,-17.91808230163730,-13.26160172955194,10.34722616456752,-0.10976572725654,0.52211449963917,-0.00851290563979,-0.01533199370666,-0.00958347607234,-0.09789164788484,-0.65643384955694,0.00112067489026,-0.00311195351255,0.75437635892363,0.01047572324280,-0.00640269357235,0.00143665400880
160396000,-17.37752402473409,-13.39319325780853,10.34592808680811,-0.09783699004765,0.50203835658021,-0.04764887639471,0.06526090491769,-0.05713637497436,0.11593877601477,-0.65949369426917,0.00196719243504,0.00177872422653,0.75170541537927,0.00957385882728,-0.00848510571017,0.01347568710022
161396000,-16.84106981342693,-13.52079013267545,10.38155699516390,-0.03606029595542,0.45220371357697,0.00273573389061,0.08240952712813,-0.06697729049138,0.04457886138456,-0.66323163084802,0.00214361777122,0.00334783297891,0.74840366389271,-0.01299614460594,0.00830063124792,0.01065538782012
162396000,-16.46496820600661,-13.53518496509521,10.38282186667855,-0.00494486601690,0.46722124202359,0.01857449183012,-0.02898986694772,0.10925360790489,-0.05623576309506,-0.66307762197670,0.00534114963863,-0.00681004776223,0.74850066831252,0.00123688872505,0.00934185889715,-0.01730800216615
163396000,-15.96551801015847,-13.57441836898884,10.36601007744210,-0.05279782104874,0.52608598096672,-0.00182541812777,-0.01702041447198,0.00590443055729,-0.02695618094915,-0.65824848752179,0.00194404792798,-0.00330120280376,0.75279100927811,0.00762754209701,0.00070118894408,0.00534815543723
164396000,-15.48015719233702,-13.63844425255359,10.36739267365039,-0.07434330402303,0.49806299084214,0.00708209732251,-0.00490795657121,0.03432119251115,-0.06779333581691,-0.65814275903802,0.00340975791586,-0.00390891202798,0.75287527038527,-0.01840913368991,-0.02842050911853,-0.00036422723884
165396000,-14.98081817761416,-13.77658873464831,10.34760860012664,-0.02638015177218,0.52285469017032,-0.03748778587266,0.08816741230707,-0.01423949651194,0.05910871110607,-0.66723238898796,0.00494588565770,0.00131605519579,0.74483198614259,-0.00033575529654,0.03349011918034,0.02540727638907
166396000,-14.41118844373571,-13.77649770678811,10.36935982487692,-0.02214156628198,0.50926689338081,-0.00921526739268,-0.04096679760506,-0.08938669058697,0.03689534330207,-0.65959961557905,-0.00248346289602,-0.00084869142899,0.75161259412647,0.01737370913828,-0.00014097812104,-0.03108359805875
167396000,-13.94435339577313,-13.84719836653125,10.38974155279828,-0.04859869600206,0.43773630910960,0.01680037854798,-0.00274271110863,0.03443311035437,0.00471993585042,-0.65823454670410,0.00323380567488,-0.00345239448820,0.75279811703888,-0.01007104175909,0.00331860146296,0.02150772663415
168396000,-13.47845582534120,-13.88838744964752,10.36522750882220,-0.04855164924472,0.47499383022604,-0.00379698184000,-0.03304372033865,0.02133338244085,-0.04038597436789,-0.66148143636525,0.00183016864195,-0.00437736079924,0.74994656799745,-0.00532084369539,0.01393133124136,-0.01895004380313
169396000,-12.94815682999590,-14.01579993156103,10.39085631079959,-0.03314799933385,0.48230342461210,0.01838101596836,0.06880941043493,-0.03586261685911,0.00216067704844,-0.66745539742099,0.00318130907176,0.00161421862956,0.74464114575436,-0.00838930855818,0.03204864955305,0.03872276165678
170396000,-12.51363867545107,-14.05578433314431,10.39639551788242,-0.02581965594120,0.47078840174703,0.02241174438698,-0.01808329871361,0.08080341200392,0.01526596078873,-0.66475984589072,0.00486904334315,-0.00551267220546,0.74702101588913,-0.00661776381933,0.00020600712211,-0.01673762370022
171396000,-12.01271249288749,-14.08191416015624,9.95973153839252,-0.04912679251507,0.47837220948820,0.72851943488686,-0.03621869442154,0.04818148848739,-0.05158375756772,-0.66379387222212,0.00294443860205,-0.00526138299818,0.74788770146627,-0.00794226017976,0.00125703399786,-0.00717250047808
172396000,-11.51178631032391,-14.10804398716818,9.52306755890262,-0.07243392908895,0.48595601722937,1.43462712538673,-0.05435409012947,0.01555956497087,-0.11843347592416,-0.66282789855352,0.00101983386095,-0.00501009379091,0.74875438704341,-0.00926675654020,0.00230806087362,0.00239262274406
173396000,-11.00431951514170,-14.14559998261542,8.33322204740748,-0.11156760578575,0.49328836613354,1.13691123108789,-0.05714262536044,-0.00801479485906,0.00144319442938,-0.66249026737162,-0.00019119172793,-0.00461851275455,0.74905628998073,0.00118381500738,-0.00948812924446,0.00148872205009
174396000,-10.52728014821380,-14.24665915685492,7.26201619411751,-0.10117373633500,0.33361464406985,1.01941398480145,0.05198487443759,-0.27321185364334,-0.15367775131291,-0.66320033007270,-0.00735906202626,0.00913871420199,0.74835000409702,-0.00779121930253,-0.00456633426113,0.00107106717966
175396000,-10.24961501061159,-14.33881132648503,6.28739949151045,-0.00832338314726,0.12368614815361,0.84755678267796,0.05820270140893,-0.19308650150943,-0.22543764917393,-0.66088226640693,-0.00482165658126,0.00792830469120,0.75043229665789,-0.01037973959853,0.01620727408075,0.00815110722740
176396000,-10.22759928061205,-14.32168568691223,5.54542997572188,-0.00663194974926,0.08850175222859,0.77758116337435,0.00895152366785,-0.07974847755026,-0.14838591361698,-0.66192518553318,-0.00238676878002,0.00236077425429,0.74953655822497,-0.00334407404616,0.01061326444758,0.00586054584379
177396000,-10.20558355061250,-14.30456004733942,4.80346045993331,-0.00494051635127,0.05331735630356,0.70760554407075,-0.04029965407323,0.03358954640891,-0.07133417806002,-0.66296810465944,0.00004811902121,-0.00320675618263,0.74864081979205,0.00369159150621,0.00501925481441,0.00356998446018
178396000,-10.17753705185828,-14.33040552463222,4.10593542529834,-0.01892304406539,0.06462970345534,0.67173346357108,0.01661591286660,0.01299363827548,0.05344974833002,-0.66306900333325,0.00123163836336,-0.00052004246111,0.74855711870415,0.01121288806282,-0.00172155940392,0.00024058143625
179396000,-10.09480623250790,-14.37883881784384,3.40500603078885,-0.01089423147745,0.02765495458792,0.68106748878977,0.08299222535761,-0.08023077779705,-0.03225049776740,-0.66296953835420,-0.00023856272189,0.00544028863638,0.74862663135087,-0.00781636179174,-0.00557820379520,0.00297674800063
180396000,-10.09187581177357,-14.40661894722390,2.69885767743772,0.04261530839573,-0.00852453616884,0.66645226549909,0.05771472607808,-0.02208645707835,-0.00035218512344,-0.66299726219641,0.00122766535644,0.00300401573088,0.74861481349587,0.00021792185372,0.01020522947258,0.00325083294998
181396000,-10.12211425532835,-14.39138215730793,1.99835828517063,0.05353401076552,-0.00520677306008,0.67706730569253,-0.00310189857122,0.01772297943543,-0.04182811057143,-0.66297879683434,0.00084464068711,-0.00058281970694,0.74863752192234,0.00415605361317,-0.00957170887077,-0.00082605658196
182396000,-10.11710007811030,-14.36982843882054,1.34699282789868,0.05607258472262,0.01425438721792,0.68529643185711,-0.02903160163256,-0.01100595823377,0.12314701100700,-0.66353244405263,-0.00104708449466,-0.00065423541857,0.74814654093772,0.00448161774637,0.00416844914590,-0.00256664213978
183396000,-10.08792141265921,-14.29530016044504,0.66297786095992,0.02143870600636,-0.00581120853041,0.72043787707127,-0.08290834603508,-0.03718921740710,-0.00658997333329,-0.66366296077169,-0.00421923249788,-0.00197964524859,0.74801725672018,-0.00756991328506,0.00899603194093,-0.00373484585789
184396000,-10.08257022610912,-14.24150285175175,0.45721966450655,0.02586817082206,0.01103806025977,0.00408958238680,0.00550358189701,0.00144403255607,0.00022054851492,-0.66456448039524,0.00029941479867,0.00007795274837,0.74723090318284,-0.00040720695887,0.00021417220894,0.00005258184256
185396000,-10.08257022610912,-14.24150285175175,0.45721966450655,0.02586817082206,0.01103806025977,0.00408958238680,0.00550358189701,0.00144403255607,0.00022054851492,-0.66456448039524,0.00029941479867,0.00007795274837,0.74723090318284,-0.00040720695887,0.00021417220894,0.00005258184256
